<?xml version="1.0" encoding="utf-8"?>
<!DOCTYPE Torneo_de_tenis>
<Torneo_de_tenis>
  <torneo>
    <nombre>Mundial tennis femenino</nombre>
    <fecha_inicio>14/10/2022</fecha_inicio>
    <fecha_finalizacion>21/10/2022</fecha_finalizacion>
    <partidos>10</partidos>
   <partido1>
     <jugador1 atributo="datos personales">
       <nombre>Maria Pilar León</nombre>
       <nacionalidad>Española</nacionalidad>
       <edad>27</edad>
       <ciudad>zaragoza</ciudad>
     </jugador1>
     <jugador2>
       <nombre>Jill Roord</nombre>
       <nacionalidad>Paises Bajos</nacionalidad>
       <edad>25</edad>
       <ciudad>madrid</ciudad>
     </jugador2>
     <fecha>14/10/2022</fecha>
     <hora>11:30</hora>
     <set_1>6-5</set_1>
     <set_2>6-2</set_2>
     <set_3>5-6</set_3>
     <resultado_final>2-1</resultado_final>
   </partido1>
    
   <partido2>
     <jugador1 atributo="datos personales">
       <nombre>Alexia Putellas</nombre>
       <nacionalidad>Española</nacionalidad>
       <edad>31</edad>
       <ciudad>barcelona</ciudad>
     </jugador1>
     <jugador2>
       <nombre>Aitana Bonmati</nombre>
       <nacionalidad>Española</nacionalidad>
       <edad>23</edad>
       <ciudad>girona</ciudad>
     </jugador2>
     <fecha>14/10/2022</fecha>
     <hora>19:00</hora>
     <set_1>4-6</set_1>
     <set_2>6-2</set_2>
     <set_3>6-5</set_3>
     <resultado_final>2-1</resultado_final>
   </partido2>
  
   <partido3>
     <jugador1 atributo="datos personales">
       <nombre>Ingrid Engen</nombre>
       <nacionalidad>Noruega</nacionalidad>
       <edad>23</edad>
       <ciudad>Oslo</ciudad>
     </jugador1>
     <jugador2>
       <nombre>Ana Maria </nombre>
       <nacionalidad>Suiza</nacionalidad>
       <edad>31</edad>
       <ciudad>Barcelona</ciudad>
     </jugador2>
     <fecha>15/10/2022</fecha>
     <hora>11:30</hora>
     <set_1>6-1</set_1>
     <set_2>6-5</set_2>
     <set_3>6-4</set_3>
     <resultado_final>3-0</resultado_final>
   </partido3>
   
   <partido4>
     <jugador1 atributo="datos personales">
       <nombre>Fridolina Rolfo</nombre>
       <nacionalidad>Suecia</nacionalidad>
       <edad>29</edad>
       <ciudad>barcelona</ciudad>
     </jugador1>
     <jugador2>
       <nombre>Caroline hansen</nombre>
       <nacionalidad>noruega</nacionalidad>
       <edad>28</edad>
       <ciudad>oslo</ciudad>
     </jugador2>
     <fecha>16/10/2022</fecha>
     <hora>19:00</hora>
     <set_1>5-6</set_1>
     <set_2>6-5</set_2>
     <set_3>5-4</set_3>
     <resultado_final>2-1</resultado_final>
   </partido4>
    <partido5>
     <jugador1 atributo="datos personales">
       <nombre>Marta Torrrejon</nombre>
       <nacionalidad>española</nacionalidad>
       <edad>30</edad>
       <ciudad>tarragona</ciudad>
     </jugador1>
     <jugador2>
       <nombre>Sandra Paños</nombre>
       <nacionalidad>española</nacionalidad>
       <edad>30</edad>
       <ciudad>sevilla</ciudad>
     </jugador2>
     <fecha>16/10/2022</fecha>
     <hora>19:00</hora>
     <set_1>5-6</set_1>
     <set_2>6-2</set_2>
     <set_3>6-4</set_3>
     <resultado_final>2-1</resultado_final>
   </partido5>
    <partido6>
     <jugador1 atributo="datos personales">
       <nombre>Lucy Bronze</nombre>
       <nacionalidad>Inglaterra</nacionalidad>
       <edad>28</edad>
       <ciudad>londres</ciudad>
     </jugador1>
     <jugador2>
       <nombre>Keira Walsh</nombre>
       <nacionalidad>Inglaterra</nacionalidad>
       <edad>24</edad>
       <ciudad>londres</ciudad>
     </jugador2>
     <fecha>16/10/2022</fecha>
     <hora>11:30</hora>
     <set_1>6-5</set_1>
     <set_2>5-6</set_2>
     <set_3>6-5</set_3>
     <resultado_final>2-1</resultado_final>
   </partido6>
    <partido7>
     <jugador1 atributo="datos personales">
       <nombre>Leila Ouhabi</nombre>
       <nacionalidad>española</nacionalidad>
       <edad>28</edad>
       <ciudad>madrid</ciudad>
     </jugador1>
     <jugador2>
       <nombre>Misa Rodriguez</nombre>
       <nacionalidad>española</nacionalidad>
       <edad>26</edad>
       <ciudad>madrid</ciudad>
     </jugador2>
     <fecha>17/10/2022</fecha>
     <hora>11:30</hora>
     <set_1>6-5</set_1>
     <set_2>6-1</set_2>
     <set_3>6-4</set_3>
     <resultado_final>3-0</resultado_final>
   </partido7>
    <partido8>
     <jugador1 atributo="datos personales">
       <nombre>Patri Guijarro</nombre>
       <nacionalidad>española</nacionalidad>
       <edad>26</edad>
       <ciudad>barcelona</ciudad>
     </jugador1>
     <jugador2>
       <nombre>Irene Paredes</nombre>
       <nacionalidad>española</nacionalidad>
       <edad>30</edad>
       <ciudad>girona</ciudad>
     </jugador2>
     <fecha>18/10/2022</fecha>
     <hora>12:00</hora>
     <set_1>5-6</set_1>
     <set_2>6-5</set_2>
     <set_3>5-6</set_3>
     <resultado_final>1-2</resultado_final>
   </partido8>
    <partido9>
     <jugador1 atributo="datos personales">
       <nombre>Nuria Rabano</nombre>
       <nacionalidad>española</nacionalidad>
       <edad>22</edad>
       <ciudad>barcelona</ciudad>
     </jugador1>
     <jugador2>
       <nombre>Salma Paralluelo</nombre>
       <nacionalidad>española</nacionalidad>
       <edad>21</edad>
       <ciudad>sevilla</ciudad>
     </jugador2>
     <fecha>19/10/2002</fecha>
     <hora>17:00</hora>
     <set_1>6-3</set_1>
     <set_2>6-4</set_2>
     <set_3>5-6</set_3>
     <resultado_final>2-1</resultado_final>
   </partido9>
    <partido10>
     <jugador1 atributo="datos personales">
       <nombre>Alex Morgan</nombre>
       <nacionalidad>USA</nacionalidad>
       <edad>30</edad>
       <ciudad>Madrid</ciudad>
     </jugador1>
     <jugador2>
       <nombre>Samantha Kerr</nombre>
       <nacionalidad>Australia</nacionalidad>
       <edad>27</edad>
       <ciudad>madrid</ciudad>
     </jugador2>
     <fecha>20/10/2022</fecha>
     <hora>11:00</hora>
     <set_1>5-6</set_1>
     <set_2>5-6</set_2>
     <set_3>5-6</set_3>
     <resultado_final>3-0</resultado_final>
    </partido10>
  </torneo>
 </Torneo_de_tenis>